Iteration Number,Power Output,layout_x,layout_y
0,1,2,3,4,5,6,7,8,9,10,11,12,13,14,15,16,17,18,19,20,21,22,23,24,25,26,27,28,29,30,31,32,33,34,35,36,37,38,39,40,41,42,43,44,45,46,47,48,49,50,51,52,53,54,55,56,57,58,59,60,61,62,63,64,65,66,67,68,69,70,71,72,73,74,75,76,77,78,79,80,81,82,83,84,85,86,87,88,89,90,91,92,93,94,95,96,97,98,99,100,101,102,103,104,105,106,107,108,109,110,111,112,113,114,115,116,117,118,119,120,121,122,123,124,125,126,127,128,129,130,131,132,133,134,135,136,137,138,139,140,141,142,143,144,145,146,147,148,149,150,151,152,153,154,155,156,157,158,159,160,161,162,163,164,165,166,167,168,169,170,171,172,173,174,175,176,177,178,179,180,181,182,183,184,185,186,187,188,189,190,191,192,193,194,195,196,197,198,199,200,201,202,203,204,205,206,207,208,209,210,211,212,213,214,215,216,217,218,219,220,221,222,223,224,225,226,227,228,229,230,231,232,233,234,235,236,237,238,239,240,241,242,243,244,245,246,247,248,249,250,251,252
6.83887845201239,6.83887845201239,6.838878452012448,6.838878452012448,6.8388784520123895,6.83887845201239,6.838878452009717,6.838878452015059,6.838878452011047,6.83887845201239,6.848020671863321,6.848020671863321,6.848020671863321,6.848020671863321,6.848020671863321,6.848020671863321,6.848020671863321,6.848020671863321,6.848020671863321,6.848020671862591,6.848020671862591,6.848020671862591,6.848020671862591,6.848020671862591,6.848020671862591,6.848020671862591,6.848020671862591,6.848020671862591,6.848020671862522,6.848020671862522,6.848020671862522,6.848020671862522,6.848020671862522,6.848020671862522,6.848020671862522,6.848020671862522,6.848020671862522,6.848020671863096,6.848020671863096,6.848020671863096,6.848020671863096,6.848020671863096,6.848020671863096,6.848020671863096,6.848020671863096,6.848020671863096,6.848020671864021,6.848020671864021,6.848020671864021,6.848020671864021,6.848020671864021,6.848020671864021,6.848020671864021,6.848020671864021,6.848020671864021,6.848020671865382,6.848020671865382,6.848020671865382,6.848020671865382,6.848020671865382,6.848020671865382,6.848020671865382,6.848020671865382,6.848020671865382,6.8480206718634,6.8480206718634,6.8480206718634,6.8480206718634,6.8480206718634,6.8480206718634,6.8480206718634,6.8480206718634,6.8480206718634,6.848020671862572,6.848020671862572,6.848020671862572,6.848020671862572,6.848020671862572,6.848020671862572,6.848020671862572,6.848020671862572,6.848020671862572,6.848020671862587,6.848020671862587,6.848020671862587,6.848020671862587,6.848020671862587,6.848020671862587,6.848020671862587,6.848020671862587,6.848020671862587,6.848020671861712,6.848020671861712,6.848020671861712,6.848020671861712,6.848020671861712,6.848020671861712,6.848020671861712,6.848020671861712,6.848020671861712,6.848020671863063,6.848020671863063,6.848020671863063,6.848020671863063,6.848020671863063,6.848020671863063,6.848020671863063,6.848020671863063,6.848020671863063,6.848020671864433,6.848020671864433,6.848020671864433,6.848020671864433,6.848020671864433,6.848020671864433,6.848020671864433,6.848020671864433,6.848020671864433,6.848020671863286,6.848020671863286,6.848020671863286,6.848020671863286,6.848020671863286,6.848020671863286,6.848020671863286,6.848020671863286,6.848020671863286,6.848020671864357,6.848020671864357,6.848020671864357,6.848020671864357,6.848020671864357,6.848020671864357,6.848020671864357,6.848020671864357,6.848020671864357,6.848020671865143,6.848020671865143,6.848020671865143,6.848020671865143,6.848020671865143,6.848020671865143,6.848020671865143,6.848020671865143,6.848020671865143,6.848020671865216,6.848020671865216,6.848020671865216,6.848020671865216,6.848020671865216,6.848020671865216,6.848020671865216,6.848020671865216,6.848020671865216,6.848020671863259,6.848020671863259,6.848020671863259,6.848020671863259,6.848020671863259,6.848020671863259,6.848020671863259,6.848020671863259,6.848020671863259,6.848020671862252,6.848020671862252,6.848020671862252,6.848020671862252,6.848020671862252,6.848020671862252,6.848020671862252,6.848020671862252,6.848020671862252,6.848020671863841,6.848020671863841,6.848020671863841,6.848020671863841,6.848020671863841,6.848020671863841,6.848020671863841,6.848020671863841,6.848020671863841,6.848020671863558,6.848020671863558,6.848020671863558,6.848020671863558,6.848020671863558,6.848020671863558,6.848020671863558,6.848020671863558,6.848020671863558,6.848020671864201,6.848020671864201,6.848020671864201,6.848020671864201,6.848020671864201,6.848020671864201,6.848020671864201,6.848020671864201,6.848020671864201,6.848020671864446,6.848020671864446,6.848020671864446,6.848020671864446,6.848020671864446,6.848020671864446,6.848020671864446,6.848020671864446,6.848020671864446,6.848020671862459,6.848020671862459,6.848020671862459,6.848020671862459,6.848020671862459,6.848020671862459,6.848020671862459,6.848020671862459,6.848020671862459,6.848020671861455,6.848020671861455,6.848020671861455,6.848020671861455,6.848020671861455,6.848020671861455,6.848020671861455,6.848020671861455,6.848020671861455,6.848020671862142,6.848020671862142,6.848020671862142,6.848020671862142,6.848020671862142,6.848020671862142,6.848020671862142,6.848020671862142,6.848020671862142,6.848020671863851,6.848020671863851,6.848020671863851,6.848020671863851,6.848020671863851,6.848020671863851,6.848020671863851,6.848020671863851,6.848020671863851,6.8480206718645595,6.8480206718645595,6.8480206718645595,6.8480206718645595,6.8480206718645595,6.8480206718645595,6.8480206718645595,6.8480206718645595,6.8480206718645595
"[200.0, 200.0, 800.0, 800.0, 200.0, 800.0, 400.0, 600.0]","[ 205.77419996  205.77419996  799.90686774  800.            0.
 1000.          265.61015248  600.        ]","[200.00000001 200.         800.         800.         200.
 800.         400.         600.        ]","[200.         200.00000001 800.         800.         200.
 800.         400.         600.        ]","[200.         200.         800.00000001 800.         200.
 800.         400.         600.        ]","[200.         200.         800.         800.00000001 200.
 800.         400.         600.        ]","[200.         200.         800.         800.         200.00000001
 800.         400.         600.        ]","[200.         200.         800.         800.         200.
 800.00000001 400.         600.        ]","[200.         200.         800.         800.         200.
 800.         400.00000001 600.        ]","[200.         200.         800.         800.         200.
 800.         400.         600.00000001]","[ 205.77419996  205.77419996  799.90686774  800.            0.
 1000.          265.61015248  600.        ]","[ 205.77419997  205.77419996  799.90686774  800.            0.
 1000.          265.61015248  600.        ]","[ 205.77419996  205.77419997  799.90686774  800.            0.
 1000.          265.61015248  600.        ]","[ 205.77419996  205.77419996  799.90686775  800.            0.
 1000.          265.61015248  600.        ]","[ 205.77419996  205.77419996  799.90686774  800.00000001    0.
 1000.          265.61015248  600.        ]","[2.05774200e+02 2.05774200e+02 7.99906868e+02 8.00000000e+02
 1.00000000e-08 1.00000000e+03 2.65610152e+02 6.00000000e+02]","[ 205.77419996  205.77419996  799.90686774  800.            0.
 1000.00000001  265.61015248  600.        ]","[ 205.77419996  205.77419996  799.90686774  800.            0.
 1000.          265.61015249  600.        ]","[ 205.77419996  205.77419996  799.90686774  800.            0.
 1000.          265.61015248  600.00000001]","[ 206.07474312  205.35592878  799.72980964  800.25231317    0.
 1000.          265.77902723  600.0872189 ]","[ 206.07474313  205.35592878  799.72980964  800.25231317    0.
 1000.          265.77902723  600.0872189 ]","[ 206.07474312  205.35592879  799.72980964  800.25231317    0.
 1000.          265.77902723  600.0872189 ]","[ 206.07474312  205.35592878  799.72980965  800.25231317    0.
 1000.          265.77902723  600.0872189 ]","[ 206.07474312  205.35592878  799.72980964  800.25231318    0.
 1000.          265.77902723  600.0872189 ]","[2.06074743e+02 2.05355929e+02 7.99729810e+02 8.00252313e+02
 1.00000000e-08 1.00000000e+03 2.65779027e+02 6.00087219e+02]","[ 206.07474312  205.35592878  799.72980964  800.25231317    0.
 1000.00000001  265.77902723  600.0872189 ]","[ 206.07474312  205.35592878  799.72980964  800.25231317    0.
 1000.          265.77902724  600.0872189 ]","[ 206.07474312  205.35592878  799.72980964  800.25231317    0.
 1000.          265.77902723  600.08721891]","[ 205.97023127  205.58584057  799.98660233  800.55381567    0.
 1000.          265.8059101   599.96049965]","[ 205.97023128  205.58584057  799.98660233  800.55381567    0.
 1000.          265.8059101   599.96049965]","[ 205.97023127  205.58584058  799.98660233  800.55381567    0.
 1000.          265.8059101   599.96049965]","[ 205.97023127  205.58584057  799.98660234  800.55381567    0.
 1000.          265.8059101   599.96049965]","[ 205.97023127  205.58584057  799.98660233  800.55381568    0.
 1000.          265.8059101   599.96049965]","[2.05970231e+02 2.05585841e+02 7.99986602e+02 8.00553816e+02
 1.00000000e-08 1.00000000e+03 2.65805910e+02 5.99960500e+02]","[ 205.97023127  205.58584057  799.98660233  800.55381567    0.
 1000.00000001  265.8059101   599.96049965]","[ 205.97023127  205.58584057  799.98660233  800.55381567    0.
 1000.          265.80591011  599.96049965]","[ 205.97023127  205.58584057  799.98660233  800.55381567    0.
 1000.          265.8059101   599.96049966]","[205.5097819  205.47453899 799.68174313 801.01776329   0.
 999.52787554 265.65196217 600.07998081]","[205.50978191 205.47453899 799.68174313 801.01776329   0.
 999.52787554 265.65196217 600.07998081]","[205.5097819  205.474539   799.68174313 801.01776329   0.
 999.52787554 265.65196217 600.07998081]","[205.5097819  205.47453899 799.68174314 801.01776329   0.
 999.52787554 265.65196217 600.07998081]","[205.5097819  205.47453899 799.68174313 801.0177633    0.
 999.52787554 265.65196217 600.07998081]","[2.05509782e+02 2.05474539e+02 7.99681743e+02 8.01017763e+02
 1.00000000e-08 9.99527876e+02 2.65651962e+02 6.00079981e+02]","[205.5097819  205.47453899 799.68174313 801.01776329   0.
 999.52787555 265.65196217 600.07998081]","[205.5097819  205.47453899 799.68174313 801.01776329   0.
 999.52787554 265.65196218 600.07998081]","[205.5097819  205.47453899 799.68174313 801.01776329   0.
 999.52787554 265.65196217 600.07998082]","[205.30269515 205.25945222 799.73854134 800.53263529   0.
 999.69994484 265.42621467 599.78278732]","[205.30269516 205.25945222 799.73854134 800.53263529   0.
 999.69994484 265.42621467 599.78278732]","[205.30269515 205.25945223 799.73854134 800.53263529   0.
 999.69994484 265.42621467 599.78278732]","[205.30269515 205.25945222 799.73854135 800.53263529   0.
 999.69994484 265.42621467 599.78278732]","[205.30269515 205.25945222 799.73854134 800.5326353    0.
 999.69994484 265.42621467 599.78278732]","[2.05302695e+02 2.05259452e+02 7.99738541e+02 8.00532635e+02
 1.00000000e-08 9.99699945e+02 2.65426215e+02 5.99782787e+02]","[205.30269515 205.25945222 799.73854134 800.53263529   0.
 999.69994485 265.42621467 599.78278732]","[205.30269515 205.25945222 799.73854134 800.53263529   0.
 999.69994484 265.42621468 599.78278732]","[205.30269515 205.25945222 799.73854134 800.53263529   0.
 999.69994484 265.42621467 599.78278733]","[205.6469526  205.61725724 799.26489873 800.86287112   0.
 999.35919645 265.05033554 599.3703926 ]","[205.64695261 205.61725724 799.26489873 800.86287112   0.
 999.35919645 265.05033554 599.3703926 ]","[205.6469526  205.61725725 799.26489873 800.86287112   0.
 999.35919645 265.05033554 599.3703926 ]","[205.6469526  205.61725724 799.26489874 800.86287112   0.
 999.35919645 265.05033554 599.3703926 ]","[205.6469526  205.61725724 799.26489873 800.86287113   0.
 999.35919645 265.05033554 599.3703926 ]","[2.05646953e+02 2.05617257e+02 7.99264899e+02 8.00862871e+02
 1.00000000e-08 9.99359196e+02 2.65050336e+02 5.99370393e+02]","[205.6469526  205.61725724 799.26489873 800.86287112   0.
 999.35919646 265.05033554 599.3703926 ]","[205.6469526  205.61725724 799.26489873 800.86287112   0.
 999.35919645 265.05033555 599.3703926 ]","[205.6469526  205.61725724 799.26489873 800.86287112   0.
 999.35919645 265.05033554 599.37039261]","[2.05448300e+02 2.06023015e+02 7.99086256e+02 8.01088012e+02
 3.56268734e-01 9.99136638e+02 2.65541520e+02 5.99210454e+02]","[2.05448300e+02 2.06023015e+02 7.99086256e+02 8.01088012e+02
 3.56268734e-01 9.99136638e+02 2.65541520e+02 5.99210454e+02]","[2.05448300e+02 2.06023015e+02 7.99086256e+02 8.01088012e+02
 3.56268734e-01 9.99136638e+02 2.65541520e+02 5.99210454e+02]","[2.05448300e+02 2.06023015e+02 7.99086256e+02 8.01088012e+02
 3.56268734e-01 9.99136638e+02 2.65541520e+02 5.99210454e+02]","[2.05448300e+02 2.06023015e+02 7.99086256e+02 8.01088012e+02
 3.56268734e-01 9.99136638e+02 2.65541520e+02 5.99210454e+02]","[2.05448300e+02 2.06023015e+02 7.99086256e+02 8.01088012e+02
 3.56268744e-01 9.99136638e+02 2.65541520e+02 5.99210454e+02]","[2.05448300e+02 2.06023015e+02 7.99086256e+02 8.01088012e+02
 3.56268734e-01 9.99136638e+02 2.65541520e+02 5.99210454e+02]","[2.05448300e+02 2.06023015e+02 7.99086256e+02 8.01088012e+02
 3.56268734e-01 9.99136638e+02 2.65541520e+02 5.99210454e+02]","[2.05448300e+02 2.06023015e+02 7.99086256e+02 8.01088012e+02
 3.56268734e-01 9.99136638e+02 2.65541520e+02 5.99210454e+02]","[2.05397763e+02 2.06358578e+02 7.99253087e+02 8.01134460e+02
 5.09115128e-01 9.98936520e+02 2.65743854e+02 5.99412248e+02]","[2.05397763e+02 2.06358578e+02 7.99253087e+02 8.01134460e+02
 5.09115128e-01 9.98936520e+02 2.65743854e+02 5.99412248e+02]","[2.05397763e+02 2.06358578e+02 7.99253087e+02 8.01134460e+02
 5.09115128e-01 9.98936520e+02 2.65743854e+02 5.99412248e+02]","[2.05397763e+02 2.06358578e+02 7.99253087e+02 8.01134460e+02
 5.09115128e-01 9.98936520e+02 2.65743854e+02 5.99412248e+02]","[2.05397763e+02 2.06358578e+02 7.99253087e+02 8.01134460e+02
 5.09115128e-01 9.98936520e+02 2.65743854e+02 5.99412248e+02]","[2.05397763e+02 2.06358578e+02 7.99253087e+02 8.01134460e+02
 5.09115138e-01 9.98936520e+02 2.65743854e+02 5.99412248e+02]","[2.05397763e+02 2.06358578e+02 7.99253087e+02 8.01134460e+02
 5.09115128e-01 9.98936520e+02 2.65743854e+02 5.99412248e+02]","[2.05397763e+02 2.06358578e+02 7.99253087e+02 8.01134460e+02
 5.09115128e-01 9.98936520e+02 2.65743854e+02 5.99412248e+02]","[2.05397763e+02 2.06358578e+02 7.99253087e+02 8.01134460e+02
 5.09115128e-01 9.98936520e+02 2.65743854e+02 5.99412248e+02]","[2.05524034e+02 2.05949421e+02 7.99617697e+02 8.00773947e+02
 4.49482325e-01 9.98665724e+02 2.65755360e+02 5.98985987e+02]","[2.05524034e+02 2.05949421e+02 7.99617697e+02 8.00773947e+02
 4.49482325e-01 9.98665724e+02 2.65755360e+02 5.98985987e+02]","[2.05524034e+02 2.05949421e+02 7.99617697e+02 8.00773947e+02
 4.49482325e-01 9.98665724e+02 2.65755360e+02 5.98985987e+02]","[2.05524034e+02 2.05949421e+02 7.99617697e+02 8.00773947e+02
 4.49482325e-01 9.98665724e+02 2.65755360e+02 5.98985987e+02]","[2.05524034e+02 2.05949421e+02 7.99617697e+02 8.00773947e+02
 4.49482325e-01 9.98665724e+02 2.65755360e+02 5.98985987e+02]","[2.05524034e+02 2.05949421e+02 7.99617697e+02 8.00773947e+02
 4.49482335e-01 9.98665724e+02 2.65755360e+02 5.98985987e+02]","[2.05524034e+02 2.05949421e+02 7.99617697e+02 8.00773947e+02
 4.49482325e-01 9.98665724e+02 2.65755360e+02 5.98985987e+02]","[2.05524034e+02 2.05949421e+02 7.99617697e+02 8.00773947e+02
 4.49482325e-01 9.98665724e+02 2.65755360e+02 5.98985987e+02]","[2.05524034e+02 2.05949421e+02 7.99617697e+02 8.00773947e+02
 4.49482325e-01 9.98665724e+02 2.65755360e+02 5.98985987e+02]","[2.05573012e+02 2.05678200e+02 7.99147502e+02 8.00305186e+02
 8.36033820e-02 9.98793539e+02 2.65949006e+02 5.98789592e+02]","[2.05573012e+02 2.05678200e+02 7.99147502e+02 8.00305186e+02
 8.36033820e-02 9.98793539e+02 2.65949006e+02 5.98789592e+02]","[2.05573012e+02 2.05678200e+02 7.99147502e+02 8.00305186e+02
 8.36033820e-02 9.98793539e+02 2.65949006e+02 5.98789592e+02]","[2.05573012e+02 2.05678200e+02 7.99147502e+02 8.00305186e+02
 8.36033820e-02 9.98793539e+02 2.65949006e+02 5.98789592e+02]","[2.05573012e+02 2.05678200e+02 7.99147502e+02 8.00305186e+02
 8.36033820e-02 9.98793539e+02 2.65949006e+02 5.98789592e+02]","[2.05573012e+02 2.05678200e+02 7.99147502e+02 8.00305186e+02
 8.36033920e-02 9.98793539e+02 2.65949006e+02 5.98789592e+02]","[2.05573012e+02 2.05678200e+02 7.99147502e+02 8.00305186e+02
 8.36033820e-02 9.98793539e+02 2.65949006e+02 5.98789592e+02]","[2.05573012e+02 2.05678200e+02 7.99147502e+02 8.00305186e+02
 8.36033820e-02 9.98793539e+02 2.65949006e+02 5.98789592e+02]","[2.05573012e+02 2.05678200e+02 7.99147502e+02 8.00305186e+02
 8.36033820e-02 9.98793539e+02 2.65949006e+02 5.98789592e+02]","[2.05139045e+02 2.05841687e+02 7.99429118e+02 8.00747118e+02
 2.48275863e-01 9.98730359e+02 2.65637437e+02 5.98704292e+02]","[2.05139045e+02 2.05841687e+02 7.99429118e+02 8.00747118e+02
 2.48275863e-01 9.98730359e+02 2.65637437e+02 5.98704292e+02]","[2.05139045e+02 2.05841687e+02 7.99429118e+02 8.00747118e+02
 2.48275863e-01 9.98730359e+02 2.65637437e+02 5.98704292e+02]","[2.05139045e+02 2.05841687e+02 7.99429118e+02 8.00747118e+02
 2.48275863e-01 9.98730359e+02 2.65637437e+02 5.98704292e+02]","[2.05139045e+02 2.05841687e+02 7.99429118e+02 8.00747118e+02
 2.48275863e-01 9.98730359e+02 2.65637437e+02 5.98704292e+02]","[2.05139045e+02 2.05841687e+02 7.99429118e+02 8.00747118e+02
 2.48275873e-01 9.98730359e+02 2.65637437e+02 5.98704292e+02]","[2.05139045e+02 2.05841687e+02 7.99429118e+02 8.00747118e+02
 2.48275863e-01 9.98730359e+02 2.65637437e+02 5.98704292e+02]","[2.05139045e+02 2.05841687e+02 7.99429118e+02 8.00747118e+02
 2.48275863e-01 9.98730359e+02 2.65637437e+02 5.98704292e+02]","[2.05139045e+02 2.05841687e+02 7.99429118e+02 8.00747118e+02
 2.48275863e-01 9.98730359e+02 2.65637437e+02 5.98704292e+02]","[2.05326120e+02 2.05604375e+02 7.99876282e+02 8.01140075e+02
 5.08134885e-01 9.98994724e+02 2.65309641e+02 5.98468987e+02]","[2.05326120e+02 2.05604375e+02 7.99876282e+02 8.01140075e+02
 5.08134885e-01 9.98994724e+02 2.65309641e+02 5.98468987e+02]","[2.05326120e+02 2.05604375e+02 7.99876282e+02 8.01140075e+02
 5.08134885e-01 9.98994724e+02 2.65309641e+02 5.98468987e+02]","[2.05326120e+02 2.05604375e+02 7.99876282e+02 8.01140075e+02
 5.08134885e-01 9.98994724e+02 2.65309641e+02 5.98468987e+02]","[2.05326120e+02 2.05604375e+02 7.99876282e+02 8.01140075e+02
 5.08134885e-01 9.98994724e+02 2.65309641e+02 5.98468987e+02]","[2.05326120e+02 2.05604375e+02 7.99876282e+02 8.01140075e+02
 5.08134895e-01 9.98994724e+02 2.65309641e+02 5.98468987e+02]","[2.05326120e+02 2.05604375e+02 7.99876282e+02 8.01140075e+02
 5.08134885e-01 9.98994724e+02 2.65309641e+02 5.98468987e+02]","[2.05326120e+02 2.05604375e+02 7.99876282e+02 8.01140075e+02
 5.08134885e-01 9.98994724e+02 2.65309641e+02 5.98468987e+02]","[2.05326120e+02 2.05604375e+02 7.99876282e+02 8.01140075e+02
 5.08134885e-01 9.98994724e+02 2.65309641e+02 5.98468987e+02]","[2.05247931e+02 2.05375163e+02 7.99606477e+02 8.01593715e+02
 2.22333602e-01 9.99461904e+02 2.65596442e+02 5.98739852e+02]","[2.05247931e+02 2.05375163e+02 7.99606477e+02 8.01593715e+02
 2.22333602e-01 9.99461904e+02 2.65596442e+02 5.98739852e+02]","[2.05247931e+02 2.05375163e+02 7.99606477e+02 8.01593715e+02
 2.22333602e-01 9.99461904e+02 2.65596442e+02 5.98739852e+02]","[2.05247931e+02 2.05375163e+02 7.99606477e+02 8.01593715e+02
 2.22333602e-01 9.99461904e+02 2.65596442e+02 5.98739852e+02]","[2.05247931e+02 2.05375163e+02 7.99606477e+02 8.01593715e+02
 2.22333602e-01 9.99461904e+02 2.65596442e+02 5.98739852e+02]","[2.05247931e+02 2.05375163e+02 7.99606477e+02 8.01593715e+02
 2.22333612e-01 9.99461904e+02 2.65596442e+02 5.98739852e+02]","[2.05247931e+02 2.05375163e+02 7.99606477e+02 8.01593715e+02
 2.22333602e-01 9.99461904e+02 2.65596442e+02 5.98739852e+02]","[2.05247931e+02 2.05375163e+02 7.99606477e+02 8.01593715e+02
 2.22333602e-01 9.99461904e+02 2.65596442e+02 5.98739852e+02]","[2.05247931e+02 2.05375163e+02 7.99606477e+02 8.01593715e+02
 2.22333602e-01 9.99461904e+02 2.65596442e+02 5.98739852e+02]","[2.05085751e+02 2.05541548e+02 7.99942611e+02 8.01380981e+02
 2.92022938e-01 9.99143078e+02 2.65338421e+02 5.99184025e+02]","[2.05085751e+02 2.05541548e+02 7.99942611e+02 8.01380981e+02
 2.92022938e-01 9.99143078e+02 2.65338421e+02 5.99184025e+02]","[2.05085751e+02 2.05541548e+02 7.99942611e+02 8.01380981e+02
 2.92022938e-01 9.99143078e+02 2.65338421e+02 5.99184025e+02]","[2.05085751e+02 2.05541548e+02 7.99942611e+02 8.01380981e+02
 2.92022938e-01 9.99143078e+02 2.65338421e+02 5.99184025e+02]","[2.05085751e+02 2.05541548e+02 7.99942611e+02 8.01380981e+02
 2.92022938e-01 9.99143078e+02 2.65338421e+02 5.99184025e+02]","[2.05085751e+02 2.05541548e+02 7.99942611e+02 8.01380981e+02
 2.92022948e-01 9.99143078e+02 2.65338421e+02 5.99184025e+02]","[2.05085751e+02 2.05541548e+02 7.99942611e+02 8.01380981e+02
 2.92022938e-01 9.99143078e+02 2.65338421e+02 5.99184025e+02]","[2.05085751e+02 2.05541548e+02 7.99942611e+02 8.01380981e+02
 2.92022938e-01 9.99143078e+02 2.65338421e+02 5.99184025e+02]","[2.05085751e+02 2.05541548e+02 7.99942611e+02 8.01380981e+02
 2.92022938e-01 9.99143078e+02 2.65338421e+02 5.99184025e+02]","[2.05135336e+02 2.05320403e+02 7.99709184e+02 8.01199274e+02
 7.26951982e-02 9.99158835e+02 2.65128837e+02 5.99111169e+02]","[2.05135336e+02 2.05320403e+02 7.99709184e+02 8.01199274e+02
 7.26951982e-02 9.99158835e+02 2.65128837e+02 5.99111169e+02]","[2.05135336e+02 2.05320403e+02 7.99709184e+02 8.01199274e+02
 7.26951982e-02 9.99158835e+02 2.65128837e+02 5.99111169e+02]","[2.05135336e+02 2.05320403e+02 7.99709184e+02 8.01199274e+02
 7.26951982e-02 9.99158835e+02 2.65128837e+02 5.99111169e+02]","[2.05135336e+02 2.05320403e+02 7.99709184e+02 8.01199274e+02
 7.26951982e-02 9.99158835e+02 2.65128837e+02 5.99111169e+02]","[2.05135336e+02 2.05320403e+02 7.99709184e+02 8.01199274e+02
 7.26952082e-02 9.99158835e+02 2.65128837e+02 5.99111169e+02]","[2.05135336e+02 2.05320403e+02 7.99709184e+02 8.01199274e+02
 7.26951982e-02 9.99158835e+02 2.65128837e+02 5.99111169e+02]","[2.05135336e+02 2.05320403e+02 7.99709184e+02 8.01199274e+02
 7.26951982e-02 9.99158835e+02 2.65128837e+02 5.99111169e+02]","[2.05135336e+02 2.05320403e+02 7.99709184e+02 8.01199274e+02
 7.26951982e-02 9.99158835e+02 2.65128837e+02 5.99111169e+02]","[205.38225277 205.51131247 799.84801025 801.69042069   0.
 998.90960414 265.11627796 598.92593364]","[205.38225278 205.51131247 799.84801025 801.69042069   0.
 998.90960414 265.11627796 598.92593364]","[205.38225277 205.51131248 799.84801025 801.69042069   0.
 998.90960414 265.11627796 598.92593364]","[205.38225277 205.51131247 799.84801026 801.69042069   0.
 998.90960414 265.11627796 598.92593364]","[205.38225277 205.51131247 799.84801025 801.6904207    0.
 998.90960414 265.11627796 598.92593364]","[2.05382253e+02 2.05511312e+02 7.99848010e+02 8.01690421e+02
 1.00000000e-08 9.98909604e+02 2.65116278e+02 5.98925934e+02]","[205.38225277 205.51131247 799.84801025 801.69042069   0.
 998.90960415 265.11627796 598.92593364]","[205.38225277 205.51131247 799.84801025 801.69042069   0.
 998.90960414 265.11627797 598.92593364]","[205.38225277 205.51131247 799.84801025 801.69042069   0.
 998.90960414 265.11627796 598.92593365]","[2.05778922e+02 2.05575017e+02 7.99789664e+02 8.01610410e+02
 4.78422009e-01 9.98899466e+02 2.65601608e+02 5.98817725e+02]","[2.05778922e+02 2.05575017e+02 7.99789664e+02 8.01610410e+02
 4.78422009e-01 9.98899466e+02 2.65601608e+02 5.98817725e+02]","[2.05778922e+02 2.05575017e+02 7.99789664e+02 8.01610410e+02
 4.78422009e-01 9.98899466e+02 2.65601608e+02 5.98817725e+02]","[2.05778922e+02 2.05575017e+02 7.99789664e+02 8.01610410e+02
 4.78422009e-01 9.98899466e+02 2.65601608e+02 5.98817725e+02]","[2.05778922e+02 2.05575017e+02 7.99789664e+02 8.01610410e+02
 4.78422009e-01 9.98899466e+02 2.65601608e+02 5.98817725e+02]","[2.05778922e+02 2.05575017e+02 7.99789664e+02 8.01610410e+02
 4.78422019e-01 9.98899466e+02 2.65601608e+02 5.98817725e+02]","[2.05778922e+02 2.05575017e+02 7.99789664e+02 8.01610410e+02
 4.78422009e-01 9.98899466e+02 2.65601608e+02 5.98817725e+02]","[2.05778922e+02 2.05575017e+02 7.99789664e+02 8.01610410e+02
 4.78422009e-01 9.98899466e+02 2.65601608e+02 5.98817725e+02]","[2.05778922e+02 2.05575017e+02 7.99789664e+02 8.01610410e+02
 4.78422009e-01 9.98899466e+02 2.65601608e+02 5.98817725e+02]","[2.05894419e+02 2.05183884e+02 7.99598806e+02 8.01499249e+02
 5.94382982e-01 9.98587094e+02 2.65829796e+02 5.98739991e+02]","[2.05894419e+02 2.05183884e+02 7.99598806e+02 8.01499249e+02
 5.94382982e-01 9.98587094e+02 2.65829796e+02 5.98739991e+02]","[2.05894419e+02 2.05183884e+02 7.99598806e+02 8.01499249e+02
 5.94382982e-01 9.98587094e+02 2.65829796e+02 5.98739991e+02]","[2.05894419e+02 2.05183884e+02 7.99598806e+02 8.01499249e+02
 5.94382982e-01 9.98587094e+02 2.65829796e+02 5.98739991e+02]","[2.05894419e+02 2.05183884e+02 7.99598806e+02 8.01499249e+02
 5.94382982e-01 9.98587094e+02 2.65829796e+02 5.98739991e+02]","[2.05894419e+02 2.05183884e+02 7.99598806e+02 8.01499249e+02
 5.94382992e-01 9.98587094e+02 2.65829796e+02 5.98739991e+02]","[2.05894419e+02 2.05183884e+02 7.99598806e+02 8.01499249e+02
 5.94382982e-01 9.98587094e+02 2.65829796e+02 5.98739991e+02]","[2.05894419e+02 2.05183884e+02 7.99598806e+02 8.01499249e+02
 5.94382982e-01 9.98587094e+02 2.65829796e+02 5.98739991e+02]","[2.05894419e+02 2.05183884e+02 7.99598806e+02 8.01499249e+02
 5.94382982e-01 9.98587094e+02 2.65829796e+02 5.98739991e+02]","[2.06359107e+02 2.05660236e+02 7.99305637e+02 8.01196312e+02
 8.30642896e-01 9.98123766e+02 2.65422242e+02 5.98900888e+02]","[2.06359107e+02 2.05660236e+02 7.99305637e+02 8.01196312e+02
 8.30642896e-01 9.98123766e+02 2.65422242e+02 5.98900888e+02]","[2.06359107e+02 2.05660236e+02 7.99305637e+02 8.01196312e+02
 8.30642896e-01 9.98123766e+02 2.65422242e+02 5.98900888e+02]","[2.06359107e+02 2.05660236e+02 7.99305637e+02 8.01196312e+02
 8.30642896e-01 9.98123766e+02 2.65422242e+02 5.98900888e+02]","[2.06359107e+02 2.05660236e+02 7.99305637e+02 8.01196312e+02
 8.30642896e-01 9.98123766e+02 2.65422242e+02 5.98900888e+02]","[2.06359107e+02 2.05660236e+02 7.99305637e+02 8.01196312e+02
 8.30642906e-01 9.98123766e+02 2.65422242e+02 5.98900888e+02]","[2.06359107e+02 2.05660236e+02 7.99305637e+02 8.01196312e+02
 8.30642896e-01 9.98123766e+02 2.65422242e+02 5.98900888e+02]","[2.06359107e+02 2.05660236e+02 7.99305637e+02 8.01196312e+02
 8.30642896e-01 9.98123766e+02 2.65422242e+02 5.98900888e+02]","[2.06359107e+02 2.05660236e+02 7.99305637e+02 8.01196312e+02
 8.30642896e-01 9.98123766e+02 2.65422242e+02 5.98900888e+02]","[206.66833462 205.52283505 799.55064352 800.8384931    1.2671237
 998.0724069  265.49159212 598.80734553]","[206.66833463 205.52283505 799.55064352 800.8384931    1.2671237
 998.0724069  265.49159212 598.80734553]","[206.66833462 205.52283506 799.55064352 800.8384931    1.2671237
 998.0724069  265.49159212 598.80734553]","[206.66833462 205.52283505 799.55064353 800.8384931    1.2671237
 998.0724069  265.49159212 598.80734553]","[206.66833462 205.52283505 799.55064352 800.83849311   1.2671237
 998.0724069  265.49159212 598.80734553]","[206.66833462 205.52283505 799.55064352 800.8384931    1.26712371
 998.0724069  265.49159212 598.80734553]","[206.66833462 205.52283505 799.55064352 800.8384931    1.2671237
 998.07240691 265.49159212 598.80734553]","[206.66833462 205.52283505 799.55064352 800.8384931    1.2671237
 998.0724069  265.49159213 598.80734553]","[206.66833462 205.52283505 799.55064352 800.8384931    1.2671237
 998.0724069  265.49159212 598.80734554]","[2.06394574e+02 2.05847076e+02 7.99280905e+02 8.01140130e+02
 7.93794789e-01 9.98267818e+02 2.65332886e+02 5.98473846e+02]","[2.06394574e+02 2.05847076e+02 7.99280905e+02 8.01140130e+02
 7.93794789e-01 9.98267818e+02 2.65332886e+02 5.98473846e+02]","[2.06394574e+02 2.05847076e+02 7.99280905e+02 8.01140130e+02
 7.93794789e-01 9.98267818e+02 2.65332886e+02 5.98473846e+02]","[2.06394574e+02 2.05847076e+02 7.99280905e+02 8.01140130e+02
 7.93794789e-01 9.98267818e+02 2.65332886e+02 5.98473846e+02]","[2.06394574e+02 2.05847076e+02 7.99280905e+02 8.01140130e+02
 7.93794789e-01 9.98267818e+02 2.65332886e+02 5.98473846e+02]","[2.06394574e+02 2.05847076e+02 7.99280905e+02 8.01140130e+02
 7.93794799e-01 9.98267818e+02 2.65332886e+02 5.98473846e+02]","[2.06394574e+02 2.05847076e+02 7.99280905e+02 8.01140130e+02
 7.93794789e-01 9.98267818e+02 2.65332886e+02 5.98473846e+02]","[2.06394574e+02 2.05847076e+02 7.99280905e+02 8.01140130e+02
 7.93794789e-01 9.98267818e+02 2.65332886e+02 5.98473846e+02]","[2.06394574e+02 2.05847076e+02 7.99280905e+02 8.01140130e+02
 7.93794789e-01 9.98267818e+02 2.65332886e+02 5.98473846e+02]","[2.06254788e+02 2.05677758e+02 7.99019588e+02 8.01037223e+02
 3.06285892e-01 9.98305761e+02 2.65271359e+02 5.98218544e+02]","[2.06254788e+02 2.05677758e+02 7.99019588e+02 8.01037223e+02
 3.06285892e-01 9.98305761e+02 2.65271359e+02 5.98218544e+02]","[2.06254788e+02 2.05677758e+02 7.99019588e+02 8.01037223e+02
 3.06285892e-01 9.98305761e+02 2.65271359e+02 5.98218544e+02]","[2.06254788e+02 2.05677758e+02 7.99019588e+02 8.01037223e+02
 3.06285892e-01 9.98305761e+02 2.65271359e+02 5.98218544e+02]","[2.06254788e+02 2.05677758e+02 7.99019588e+02 8.01037223e+02
 3.06285892e-01 9.98305761e+02 2.65271359e+02 5.98218544e+02]","[2.06254788e+02 2.05677758e+02 7.99019588e+02 8.01037223e+02
 3.06285902e-01 9.98305761e+02 2.65271359e+02 5.98218544e+02]","[2.06254788e+02 2.05677758e+02 7.99019588e+02 8.01037223e+02
 3.06285892e-01 9.98305761e+02 2.65271359e+02 5.98218544e+02]","[2.06254788e+02 2.05677758e+02 7.99019588e+02 8.01037223e+02
 3.06285892e-01 9.98305761e+02 2.65271359e+02 5.98218544e+02]","[2.06254788e+02 2.05677758e+02 7.99019588e+02 8.01037223e+02
 3.06285892e-01 9.98305761e+02 2.65271359e+02 5.98218544e+02]","[2.06733957e+02 2.05446275e+02 7.99437661e+02 8.01530565e+02
 7.65838814e-01 9.98277720e+02 2.65768959e+02 5.98378275e+02]","[2.06733957e+02 2.05446275e+02 7.99437661e+02 8.01530565e+02
 7.65838814e-01 9.98277720e+02 2.65768959e+02 5.98378275e+02]","[2.06733957e+02 2.05446275e+02 7.99437661e+02 8.01530565e+02
 7.65838814e-01 9.98277720e+02 2.65768959e+02 5.98378275e+02]","[2.06733957e+02 2.05446275e+02 7.99437661e+02 8.01530565e+02
 7.65838814e-01 9.98277720e+02 2.65768959e+02 5.98378275e+02]","[2.06733957e+02 2.05446275e+02 7.99437661e+02 8.01530565e+02
 7.65838814e-01 9.98277720e+02 2.65768959e+02 5.98378275e+02]","[2.06733957e+02 2.05446275e+02 7.99437661e+02 8.01530565e+02
 7.65838824e-01 9.98277720e+02 2.65768959e+02 5.98378275e+02]","[2.06733957e+02 2.05446275e+02 7.99437661e+02 8.01530565e+02
 7.65838814e-01 9.98277720e+02 2.65768959e+02 5.98378275e+02]","[2.06733957e+02 2.05446275e+02 7.99437661e+02 8.01530565e+02
 7.65838814e-01 9.98277720e+02 2.65768959e+02 5.98378275e+02]","[2.06733957e+02 2.05446275e+02 7.99437661e+02 8.01530565e+02
 7.65838814e-01 9.98277720e+02 2.65768959e+02 5.98378275e+02]","[2.06688698e+02 2.05325519e+02 7.99886852e+02 8.01216094e+02
 6.98806889e-01 9.98515072e+02 2.66024045e+02 5.98135942e+02]","[2.06688698e+02 2.05325519e+02 7.99886852e+02 8.01216094e+02
 6.98806889e-01 9.98515072e+02 2.66024045e+02 5.98135942e+02]","[2.06688698e+02 2.05325519e+02 7.99886852e+02 8.01216094e+02
 6.98806889e-01 9.98515072e+02 2.66024045e+02 5.98135942e+02]","[2.06688698e+02 2.05325519e+02 7.99886852e+02 8.01216094e+02
 6.98806889e-01 9.98515072e+02 2.66024045e+02 5.98135942e+02]","[2.06688698e+02 2.05325519e+02 7.99886852e+02 8.01216094e+02
 6.98806889e-01 9.98515072e+02 2.66024045e+02 5.98135942e+02]","[2.06688698e+02 2.05325519e+02 7.99886852e+02 8.01216094e+02
 6.98806899e-01 9.98515072e+02 2.66024045e+02 5.98135942e+02]","[2.06688698e+02 2.05325519e+02 7.99886852e+02 8.01216094e+02
 6.98806889e-01 9.98515072e+02 2.66024045e+02 5.98135942e+02]","[2.06688698e+02 2.05325519e+02 7.99886852e+02 8.01216094e+02
 6.98806889e-01 9.98515072e+02 2.66024045e+02 5.98135942e+02]","[2.06688698e+02 2.05325519e+02 7.99886852e+02 8.01216094e+02
 6.98806889e-01 9.98515072e+02 2.66024045e+02 5.98135942e+02]","[2.06419539e+02 2.05181910e+02 7.99550771e+02 8.01102983e+02
 6.91688568e-01 9.98602863e+02 2.65852396e+02 5.97761076e+02]","[2.06419539e+02 2.05181910e+02 7.99550771e+02 8.01102983e+02
 6.91688568e-01 9.98602863e+02 2.65852396e+02 5.97761076e+02]","[2.06419539e+02 2.05181910e+02 7.99550771e+02 8.01102983e+02
 6.91688568e-01 9.98602863e+02 2.65852396e+02 5.97761076e+02]","[2.06419539e+02 2.05181910e+02 7.99550771e+02 8.01102983e+02
 6.91688568e-01 9.98602863e+02 2.65852396e+02 5.97761076e+02]","[2.06419539e+02 2.05181910e+02 7.99550771e+02 8.01102983e+02
 6.91688568e-01 9.98602863e+02 2.65852396e+02 5.97761076e+02]","[2.06419539e+02 2.05181910e+02 7.99550771e+02 8.01102983e+02
 6.91688578e-01 9.98602863e+02 2.65852396e+02 5.97761076e+02]","[2.06419539e+02 2.05181910e+02 7.99550771e+02 8.01102983e+02
 6.91688568e-01 9.98602863e+02 2.65852396e+02 5.97761076e+02]","[2.06419539e+02 2.05181910e+02 7.99550771e+02 8.01102983e+02
 6.91688568e-01 9.98602863e+02 2.65852396e+02 5.97761076e+02]","[2.06419539e+02 2.05181910e+02 7.99550771e+02 8.01102983e+02
 6.91688568e-01 9.98602863e+02 2.65852396e+02 5.97761076e+02]","[2.06346178e+02 2.04709919e+02 7.99187879e+02 8.01322627e+02
 2.67744912e-01 9.98800508e+02 2.65434281e+02 5.98070163e+02]","[2.06346178e+02 2.04709919e+02 7.99187879e+02 8.01322627e+02
 2.67744912e-01 9.98800508e+02 2.65434281e+02 5.98070163e+02]","[2.06346178e+02 2.04709919e+02 7.99187879e+02 8.01322627e+02
 2.67744912e-01 9.98800508e+02 2.65434281e+02 5.98070163e+02]","[2.06346178e+02 2.04709919e+02 7.99187879e+02 8.01322627e+02
 2.67744912e-01 9.98800508e+02 2.65434281e+02 5.98070163e+02]","[2.06346178e+02 2.04709919e+02 7.99187879e+02 8.01322627e+02
 2.67744912e-01 9.98800508e+02 2.65434281e+02 5.98070163e+02]","[2.06346178e+02 2.04709919e+02 7.99187879e+02 8.01322627e+02
 2.67744922e-01 9.98800508e+02 2.65434281e+02 5.98070163e+02]","[2.06346178e+02 2.04709919e+02 7.99187879e+02 8.01322627e+02
 2.67744912e-01 9.98800508e+02 2.65434281e+02 5.98070163e+02]","[2.06346178e+02 2.04709919e+02 7.99187879e+02 8.01322627e+02
 2.67744912e-01 9.98800508e+02 2.65434281e+02 5.98070163e+02]","[2.06346178e+02 2.04709919e+02 7.99187879e+02 8.01322627e+02
 2.67744912e-01 9.98800508e+02 2.65434281e+02 5.98070163e+02]","[2.06723507e+02 2.04959859e+02 7.99631912e+02 8.01567456e+02
 4.09235190e-01 9.98821989e+02 2.65270028e+02 5.98084003e+02]","[2.06723507e+02 2.04959859e+02 7.99631912e+02 8.01567456e+02
 4.09235190e-01 9.98821989e+02 2.65270028e+02 5.98084003e+02]","[2.06723507e+02 2.04959859e+02 7.99631912e+02 8.01567456e+02
 4.09235190e-01 9.98821989e+02 2.65270028e+02 5.98084003e+02]","[2.06723507e+02 2.04959859e+02 7.99631912e+02 8.01567456e+02
 4.09235190e-01 9.98821989e+02 2.65270028e+02 5.98084003e+02]","[2.06723507e+02 2.04959859e+02 7.99631912e+02 8.01567456e+02
 4.09235190e-01 9.98821989e+02 2.65270028e+02 5.98084003e+02]","[2.06723507e+02 2.04959859e+02 7.99631912e+02 8.01567456e+02
 4.09235200e-01 9.98821989e+02 2.65270028e+02 5.98084003e+02]","[2.06723507e+02 2.04959859e+02 7.99631912e+02 8.01567456e+02
 4.09235190e-01 9.98821989e+02 2.65270028e+02 5.98084003e+02]","[2.06723507e+02 2.04959859e+02 7.99631912e+02 8.01567456e+02
 4.09235190e-01 9.98821989e+02 2.65270028e+02 5.98084003e+02]","[2.06723507e+02 2.04959859e+02 7.99631912e+02 8.01567456e+02
 4.09235190e-01 9.98821989e+02 2.65270028e+02 5.98084003e+02]"
T,u,r,b,i,n,e, ,(,2,0,5,.,6,4,6,9,5,2,6,0,2,0,2,8,0,2,",", ,0,.,0,), ,p,a,r,a,m,e,t,e,r, ,l,a,y,o,u,t,_,x, ,=, ,2,0,5,.,6,4,6,9,5,2,6,0,2,0,2,8,0,2
T,u,r,b,i,n,e, ,(,2,0,5,.,6,1,7,2,5,7,2,3,8,2,1,0,9,",", ,9,9,9,.,3,5,9,1,9,6,4,4,8,7,8,2,7,), ,p,a,r,a,m,e,t,e,r, ,l,a,y,o,u,t,_,x, ,=, ,2,0,5,.,6,1,7,2,5,7,2,3,8,2,1,0,9
T,u,r,b,i,n,e, ,(,7,9,9,.,2,6,4,8,9,8,7,2,8,4,3,5,4,",", ,2,6,5,.,0,5,0,3,3,5,5,3,6,0,9,2,7,5,), ,p,a,r,a,m,e,t,e,r, ,l,a,y,o,u,t,_,x, ,=, ,7,9,9,.,2,6,4,8,9,8,7,2,8,4,3,5,4
T,u,r,b,i,n,e, ,(,8,0,0,.,8,6,2,8,7,1,1,2,3,9,0,8,3,",", ,5,9,9,.,3,7,0,3,9,2,5,9,6,9,6,5,3,), ,p,a,r,a,m,e,t,e,r, ,l,a,y,o,u,t,_,x, ,=, ,8,0,0,.,8,6,2,8,7,1,1,2,3,9,0,8,3
T,u,r,b,i,n,e, ,(,2,0,5,.,6,4,6,9,5,2,6,0,2,0,2,8,0,2,",", ,0,.,0,), ,p,a,r,a,m,e,t,e,r, ,l,a,y,o,u,t,_,y, ,=, ,0,.,0
T,u,r,b,i,n,e, ,(,2,0,5,.,6,1,7,2,5,7,2,3,8,2,1,0,9,",", ,9,9,9,.,3,5,9,1,9,6,4,4,8,7,8,2,7,), ,p,a,r,a,m,e,t,e,r, ,l,a,y,o,u,t,_,y, ,=, ,9,9,9,.,3,5,9,1,9,6,4,4,8,7,8,2,7
T,u,r,b,i,n,e, ,(,7,9,9,.,2,6,4,8,9,8,7,2,8,4,3,5,4,",", ,2,6,5,.,0,5,0,3,3,5,5,3,6,0,9,2,7,5,), ,p,a,r,a,m,e,t,e,r, ,l,a,y,o,u,t,_,y, ,=, ,2,6,5,.,0,5,0,3,3,5,5,3,6,0,9,2,7,5
T,u,r,b,i,n,e, ,(,8,0,0,.,8,6,2,8,7,1,1,2,3,9,0,8,3,",", ,5,9,9,.,3,7,0,3,9,2,5,9,6,9,6,5,3,), ,p,a,r,a,m,e,t,e,r, ,l,a,y,o,u,t,_,y, ,=, ,5,9,9,.,3,7,0,3,9,2,5,9,6,9,6,5,3
T,u,r,b,i,n,e, ,(,2,0,5,.,6,4,6,9,5,2,6,0,2,0,2,8,0,2,",", ,0,.,0,), ,P,o,w,e,r, ,O,u,t,p,u,t, ,=, ,1,7,1,2,0,0,5,.,1,6,7,9,7,1,7,5,5,6, ,M,W
T,u,r,b,i,n,e, ,(,2,0,5,.,6,1,7,2,5,7,2,3,8,2,1,0,9,",", ,9,9,9,.,3,5,9,1,9,6,4,4,8,7,8,2,7,), ,P,o,w,e,r, ,O,u,t,p,u,t, ,=, ,1,7,1,2,0,0,5,.,1,6,7,9,7,1,7,5,5,6, ,M,W
T,u,r,b,i,n,e, ,(,7,9,9,.,2,6,4,8,9,8,7,2,8,4,3,5,4,",", ,2,6,5,.,0,5,0,3,3,5,5,3,6,0,9,2,7,5,), ,P,o,w,e,r, ,O,u,t,p,u,t, ,=, ,1,7,1,2,0,0,5,.,1,6,7,9,7,1,1,5,9, ,M,W
T,u,r,b,i,n,e, ,(,8,0,0,.,8,6,2,8,7,1,1,2,3,9,0,8,3,",", ,5,9,9,.,3,7,0,3,9,2,5,9,6,9,6,5,3,), ,P,o,w,e,r, ,O,u,t,p,u,t, ,=, ,1,7,1,2,0,0,5,.,1,6,7,9,4,9,8,9, ,M,W
I,n,i,t,i,a,l, ,P,o,w,e,r, ,O,u,t,p,u,t, ,=, ,6,.,8,3,8,8,7,8,4,5,2,0,1,2,3,9, ,M,W
O,p,t,i,m,i,s,e,d,",", ,P,o,w,e,r, ,O,u,t,p,u,t, ,=, ,6,.,8,4,8,0,2,0,6,7,1,8,6,5,3,8,2, ,M,W
P,o,w,e,r, ,i,n,c,r,e,a,s,e,d, ,b,y, ,0,.,1,3,3,6,8,0,1,0,4,3,7,8,8,2,8,9,%
T,i,m,e, ,t,o, ,o,p,t,i,m,i,s,e, ,w,a,k,e, ,=, ,2,.,8,5,9,3,7,6,9,0,7,3,4,8,6,3,3, ,s
